{
 "a": {
  "ckpt": "output/world_model_g1.pth",
  "worlds": {
   "classic": {
    "warn": {
     "contrast": 0.14169476926326752,
     "saturation": 0.5053240740740741,
     "ece": 0.15629490540862176,
     "mean_p": 0.31144198775291443
    },
    "crit": {
     "contrast": 0.09045126289129257,
     "saturation": 0.6199074074074075,
     "ece": 0.07211949141058047,
     "mean_p": 0.1399010866880417
    }
   },
   "dense": {
    "warn": {
     "contrast": 0.14821550250053406,
     "saturation": 0.6046296296296296,
     "ece": 0.07019598830870596,
     "mean_p": 0.6794993877410889
    },
    "crit": {
     "contrast": 0.16861632466316223,
     "saturation": 0.5050925925925925,
     "ece": 0.08409661698230818,
     "mean_p": 0.4188791811466217
    }
   },
   "moving": {
    "warn": {
     "contrast": 0.18821559846401215,
     "saturation": 0.40347222222222223,
     "ece": 0.13445654543188137,
     "mean_p": 0.24393251538276672
    },
    "crit": {
     "contrast": 0.10995027422904968,
     "saturation": 0.562962962962963,
     "ece": 0.054110445308164216,
     "mean_p": 0.12762971222400665
    }
   }
  }
 },
 "b": {
  "ckpt": "experiments/head_calibration/artifacts/wm_g1_cal.pth",
  "worlds": {
   "classic": {
    "warn": {
     "contrast": 0.14376570284366608,
     "saturation": 0.5840277777777778,
     "ece": 0.14939104725196156,
     "mean_p": 0.3033522367477417
    },
    "crit": {
     "contrast": 0.08711712807416916,
     "saturation": 0.6965277777777777,
     "ece": 0.06170000087057803,
     "mean_p": 0.12796129286289215
    }
   },
   "dense": {
    "warn": {
     "contrast": 0.15242353081703186,
     "saturation": 0.6659722222222222,
     "ece": 0.08153454342235143,
     "mean_p": 0.6809659600257874
    },
    "crit": {
     "contrast": 0.1729048788547516,
     "saturation": 0.5835648148148148,
     "ece": 0.09859021825366013,
     "mean_p": 0.4169952869415283
    }
   },
   "moving": {
    "warn": {
     "contrast": 0.19694796204566956,
     "saturation": 0.487962962962963,
     "ece": 0.1244440581184296,
     "mean_p": 0.2338762730360031
    },
    "crit": {
     "contrast": 0.10613636672496796,
     "saturation": 0.6493055555555556,
     "ece": 0.043200132766876446,
     "mean_p": 0.11189809441566467
    }
   }
  }
 }
}