{
 "a": {
  "ckpt": "experiments/metric_grounding/artifacts/wm_m1_ground.pth",
  "worlds": {
   "classic": {
    "warn": {
     "contrast": 0.1624438464641571,
     "saturation": 0.29791666666666666,
     "ece": 0.167105351546393,
     "mean_p": 0.32829850912094116
    },
    "crit": {
     "contrast": 0.09552253037691116,
     "saturation": 0.5268518518518519,
     "ece": 0.07841820739289766,
     "mean_p": 0.14800302684307098
    }
   },
   "dense": {
    "warn": {
     "contrast": 0.14460021257400513,
     "saturation": 0.5400462962962963,
     "ece": 0.1224767275701476,
     "mean_p": 0.7415041923522949
    },
    "crit": {
     "contrast": 0.17852145433425903,
     "saturation": 0.42314814814814816,
     "ece": 0.06764669728486696,
     "mean_p": 0.44777894020080566
    }
   },
   "moving": {
    "warn": {
     "contrast": 0.19854556024074554,
     "saturation": 0.2569444444444444,
     "ece": 0.2011717610446658,
     "mean_p": 0.3171234130859375
    },
    "crit": {
     "contrast": 0.11817608028650284,
     "saturation": 0.42407407407407405,
     "ece": 0.08640244289946865,
     "mean_p": 0.16599196195602417
    }
   }
  }
 },
 "b": {
  "ckpt": "experiments/head_calibration/artifacts/wm_m1_ground_cal.pth",
  "worlds": {
   "classic": {
    "warn": {
     "contrast": 0.16727769374847412,
     "saturation": 0.3800925925925926,
     "ece": 0.15837271789549498,
     "mean_p": 0.31902021169662476
    },
    "crit": {
     "contrast": 0.0932050496339798,
     "saturation": 0.6377314814814815,
     "ece": 0.06505374269711624,
     "mean_p": 0.13321316242218018
    }
   },
   "dense": {
    "warn": {
     "contrast": 0.14911657571792603,
     "saturation": 0.5851851851851851,
     "ece": 0.13178193363954255,
     "mean_p": 0.7456614375114441
    },
    "crit": {
     "contrast": 0.18497611582279205,
     "saturation": 0.49050925925925926,
     "ece": 0.0806239024172195,
     "mean_p": 0.4443604052066803
    }
   },
   "moving": {
    "warn": {
     "contrast": 0.20908114314079285,
     "saturation": 0.3164351851851852,
     "ece": 0.19163200598672017,
     "mean_p": 0.3094625473022461
    },
    "crit": {
     "contrast": 0.11770538985729218,
     "saturation": 0.5219907407407407,
     "ece": 0.07061541378066064,
     "mean_p": 0.14800556004047394
    }
   }
  }
 }
}