{
 "zip": "experiments/anchor_dial/artifacts_local/ppo_anchor_k03.zip",
 "cells": {
  "slalom3@1.0": {
   "n": 30,
   "seed0": 22000,
   "crash": 0.16666666666666666,
   "reached": 1.0,
   "success": 0.8333333333333334,
   "clearance_mean": 0.2614009455438528,
   "custom": {
    "weaved": 0.8333333333333334,
    "weave_frac": 0.9444444444444444,
    "chain_break_at": 2.7333333333333334
   }
  },
  "guard:gap@1.0": {
   "n": 30,
   "seed0": 9000,
   "crash": 0.06666666666666667,
   "reached": 1.0,
   "success": 0.9333333333333333,
   "clearance_mean": 0.37540147476019714,
   "custom": {
    "transited": 0.9666666666666667,
    "gap_margin": 0.22098649795884825
   }
  },
  "guard:mgap@1.0": {
   "n": 30,
   "seed0": 9500,
   "crash": 0.4,
   "reached": 1.0,
   "success": 0.5666666666666667,
   "clearance_mean": 0.27885732120261514,
   "custom": {
    "transited": 0.9333333333333333,
    "gap_margin": 0.15718469291896214
   }
  }
 }
}