{
 "zip": "experiments/anchor_dial/artifacts_local/ppo_anchor_sched.zip",
 "cells": {
  "slalom3@1.0": {
   "n": 30,
   "seed0": 22000,
   "crash": 0.16666666666666666,
   "reached": 1.0,
   "success": 0.8333333333333334,
   "clearance_mean": 0.2475200877316586,
   "custom": {
    "weaved": 0.8333333333333334,
    "weave_frac": 0.9777777777777779,
    "chain_break_at": 2.8666666666666667
   }
  },
  "guard:gap@1.0": {
   "n": 30,
   "seed0": 9000,
   "crash": 0.0,
   "reached": 1.0,
   "success": 1.0,
   "clearance_mean": 0.4271174048510079,
   "custom": {
    "transited": 1.0,
    "gap_margin": 0.2598241582038004
   }
  },
  "guard:mgap@1.0": {
   "n": 30,
   "seed0": 9500,
   "crash": 0.2,
   "reached": 1.0,
   "success": 0.8,
   "clearance_mean": 0.3343516936186389,
   "custom": {
    "transited": 1.0,
    "gap_margin": 0.18758530456747158
   }
  }
 }
}