{
 "device": "cpu",
 "calib_n": 1024,
 "calib_seed": 20260711,
 "B1": {
  "champion": {
   "float": {
    "classic": 0.6571929824561403,
    "dense": 0.9334733893557423,
    "moving": 0.9314186559418786,
    "auc32": 0.8962995029661697,
    "now_auc": 0.8329794808184056
   },
   "int8pc": {
    "classic": 0.671578947368421,
    "dense": 0.9453781512605042,
    "moving": 0.9152179553710431,
    "auc32": 0.8934808401475068,
    "now_auc": 0.8349043072912643
   },
   "int8pt": {
    "classic": 0.672719298245614,
    "dense": 0.9450280112044818,
    "moving": 0.9116421250648676,
    "auc32": 0.8911527978194644,
    "now_auc": 0.8327246086013961
   },
   "gray": {
    "classic": 0.4174561403508772,
    "dense": 0.8168767507002801,
    "moving": 0.8270060326933056,
    "auc32": 0.5916594516594517,
    "now_auc": 0.5562487729969282
   },
   "gray+int8pc": {
    "classic": 0.4199122807017544,
    "dense": 0.8014705882352942,
    "moving": 0.7957479242345615,
    "auc32": 0.5850376783710117,
    "now_auc": 0.5581243963390903
   }
  },
  "unified": {
   "float": {
    "classic": 0.821140350877193,
    "dense": 0.9177170868347339,
    "moving": 0.9557197067981318,
    "auc32": 0.931406124739458,
    "now_auc": 0.8088714228708944
   },
   "int8pc": {
    "classic": 0.8145614035087719,
    "dense": 0.9541316526610645,
    "moving": 0.9536601582771147,
    "auc32": 0.9245759179092512,
    "now_auc": 0.8108026457507438
   },
   "int8pt": {
    "classic": 0.8029824561403509,
    "dense": 0.9527310924369747,
    "moving": 0.9559224182667359,
    "auc32": 0.9244059644059645,
    "now_auc": 0.8118516564971996
   },
   "gray": {
    "classic": 0.6967543859649122,
    "dense": 0.44467787114845936,
    "moving": 0.8545342501297354,
    "auc32": 0.7148372615039281,
    "now_auc": 0.5568603679114895
   },
   "gray+int8pc": {
    "classic": 0.7005263157894737,
    "dense": 0.48599439775910364,
    "moving": 0.8574776206538661,
    "auc32": 0.7197242263908931,
    "now_auc": 0.5611592454404689
   }
  }
 },
 "B2": {
  "n_frames": 601,
  "positive_rate": 0.1713810316139767,
  "float": 0.977948717948718,
  "int8pc": 0.9738461538461538,
  "int8pt": 0.9758974358974359,
  "gray": 0.9528205128205128,
  "gray+int8pc": 0.9417948717948718
 },
 "snr_db": {
  "enc.features.0": 41.46446231793972,
  "enc.features.2": 44.40100042265478,
  "enc.features.4": 37.84069234500323,
  "enc.proj.1": 29.315482522887095,
  "pred.trunk.0": 22.54727058294909,
  "pred.heads.0": 48.1654689146798,
  "pred.heads.1": 47.04966650294236,
  "pred.heads.2": 44.31392130630676,
  "pred.heads.3": 42.924215984587505,
  "cheads.heads.0": 40.282642914345594,
  "cheads.heads.1": 44.71859132824376,
  "cheads.heads.2": 42.84636141354382,
  "cheads.heads.3": 44.761979578273184,
  "nhead.lin": 165.66619898447095
 }
}