{
 "device": "cpu",
 "calib_n": 1024,
 "calib_seed": 20260711,
 "K1a": {
  "pct": 0.0,
  "calib_n": 2048,
  "champion": {
   "float": {
    "classic": 0.6571929824561403,
    "dense": 0.9334733893557423,
    "moving": 0.9314186559418786,
    "auc32": 0.8962995029661697,
    "now_auc": 0.8329794808184056
   },
   "int8pc": {
    "classic": 0.6725438596491228,
    "dense": 0.9429271708683473,
    "moving": 0.9152990399584847,
    "auc32": 0.8931890331890332,
    "now_auc": 0.834524951153592
   }
  }
 }
}