{
 "device": "cpu",
 "calib_n": 1024,
 "calib_seed": 20260711,
 "K1a": {
  "pct": 0.999,
  "champion": {
   "float": {
    "classic": 0.6571929824561403,
    "dense": 0.9334733893557423,
    "moving": 0.9314186559418786,
    "auc32": 0.8962995029661697,
    "now_auc": 0.8329794808184056
   },
   "int8pc": {
    "classic": 0.6799122807017544,
    "dense": 0.9138655462184874,
    "moving": 0.9036228593668916,
    "auc32": 0.8816354016354017,
    "now_auc": 0.8295642915167406
   }
  }
 }
}