{
 "device": "cpu",
 "calib_n": 1024,
 "calib_seed": 20260711,
 "K1b": {
  "T": [
   0.8878821134567261,
   0.9379042387008667,
   0.866513192653656,
   0.8968921899795532,
   1.0259991884231567,
   0.9354898929595947,
   1.1045386791229248,
   1.001126766204834
  ],
  "fit_rollouts": 40,
  "int8pc_T": {
   "crash": 0.38095238095238093,
   "min_clear": 0.31562170002267376,
   "false_evasion": 1.0,
   "reached": 1.0,
   "lead_ms": 303.5714285714285
  }
 }
}