{
 "device": "cpu",
 "calib_n": 1024,
 "calib_seed": 20260711,
 "K1c": {
  "snr_db": {
   "minmax": 22.54727058294909,
   "split": 22.67926827313351
  },
  "int8pc_split": {
   "crash": 0.2619047619047619,
   "min_clear": 0.41090799181232446,
   "false_evasion": 0.05555555555555555,
   "reached": 1.0,
   "lead_ms": 227.64227642276424
  }
 }
}