{
 "clean": {
  "sigma": 0.0,
  "drop": 0.0,
  "find": 0.8333333333333334,
  "return": 0.7333333333333333,
  "collision": 0.0
 },
 "sigma05": {
  "sigma": 0.05,
  "drop": 0.0,
  "find": 0.8333333333333334,
  "return": 0.7333333333333333,
  "collision": 0.03333333333333333
 },
 "sigma10": {
  "sigma": 0.1,
  "drop": 0.0,
  "find": 0.8333333333333334,
  "return": 0.7333333333333333,
  "collision": 0.06666666666666667
 },
 "sigma20": {
  "sigma": 0.2,
  "drop": 0.0,
  "find": 0.8,
  "return": 0.7333333333333333,
  "collision": 0.16666666666666666
 },
 "drop05": {
  "sigma": 0.0,
  "drop": 0.05,
  "find": 0.8333333333333334,
  "return": 0.7,
  "collision": 0.0
 },
 "drop10": {
  "sigma": 0.0,
  "drop": 0.1,
  "find": 0.8333333333333334,
  "return": 0.7333333333333333,
  "collision": 0.06666666666666667
 }
}