{
 "a": {
  "ckpt": "output/world_model_unified.pth",
  "worlds": {
   "classic": {
    "warn": {
     "contrast": 0.17279331386089325,
     "saturation": 0.3164351851851852,
     "ece": 0.1814985335445441,
     "mean_p": 0.365117609500885
    },
    "crit": {
     "contrast": 0.13775667548179626,
     "saturation": 0.5284722222222222,
     "ece": 0.08060092583825146,
     "mean_p": 0.1649668961763382
    }
   },
   "dense": {
    "warn": {
     "contrast": 0.17512202262878418,
     "saturation": 0.6210648148148148,
     "ece": 0.06871483397347396,
     "mean_p": 0.7278140187263489
    },
    "crit": {
     "contrast": 0.2478342056274414,
     "saturation": 0.48356481481481484,
     "ece": 0.05392734360371752,
     "mean_p": 0.40831655263900757
    }
   },
   "moving": {
    "warn": {
     "contrast": 0.17556214332580566,
     "saturation": 0.21898148148148147,
     "ece": 0.1709748407681269,
     "mean_p": 0.2971148192882538
    },
    "crit": {
     "contrast": 0.11380579322576523,
     "saturation": 0.4497685185185185,
     "ece": 0.06234999613655293,
     "mean_p": 0.14926302433013916
    }
   }
  }
 },
 "b": {
  "ckpt": "experiments/representation_v3/artifacts/wm_3xdense.pth",
  "worlds": {
   "classic": {
    "warn": {
     "contrast": 0.21702755987644196,
     "saturation": 0.3886574074074074,
     "ece": 0.2650373117634869,
     "mean_p": 0.46863290667533875
    },
    "crit": {
     "contrast": 0.14893144369125366,
     "saturation": 0.5094907407407407,
     "ece": 0.12335189060864546,
     "mean_p": 0.21689100563526154
    }
   },
   "dense": {
    "warn": {
     "contrast": 0.20172268152236938,
     "saturation": 0.6675925925925926,
     "ece": 0.10672798262351876,
     "mean_p": 0.7664552330970764
    },
    "crit": {
     "contrast": 0.26019808650016785,
     "saturation": 0.5467592592592593,
     "ece": 0.05933558731468508,
     "mean_p": 0.4360385239124298
    }
   },
   "moving": {
    "warn": {
     "contrast": 0.2187371551990509,
     "saturation": 0.30439814814814814,
     "ece": 0.2659070139715945,
     "mean_p": 0.4475035071372986
    },
    "crit": {
     "contrast": 0.14566843211650848,
     "saturation": 0.4150462962962963,
     "ece": 0.10459235521244428,
     "mean_p": 0.24760250747203827
    }
   }
  }
 }
}