{
 "a": {
  "ckpt": "output/world_model_unified.pth",
  "worlds": {
   "classic": {
    "warn": {
     "contrast": 0.17279331386089325,
     "saturation": 0.3164351851851852,
     "ece": 0.1814985335445441,
     "mean_p": 0.365117609500885
    },
    "crit": {
     "contrast": 0.13775667548179626,
     "saturation": 0.5284722222222222,
     "ece": 0.08060092583825146,
     "mean_p": 0.1649668961763382
    }
   },
   "dense": {
    "warn": {
     "contrast": 0.17512202262878418,
     "saturation": 0.6210648148148148,
     "ece": 0.06871483397347396,
     "mean_p": 0.7278140187263489
    },
    "crit": {
     "contrast": 0.2478342056274414,
     "saturation": 0.48356481481481484,
     "ece": 0.05392734360371752,
     "mean_p": 0.40831655263900757
    }
   },
   "moving": {
    "warn": {
     "contrast": 0.17556214332580566,
     "saturation": 0.21898148148148147,
     "ece": 0.1709748407681269,
     "mean_p": 0.2971148192882538
    },
    "crit": {
     "contrast": 0.11380579322576523,
     "saturation": 0.4497685185185185,
     "ece": 0.06234999613655293,
     "mean_p": 0.14926302433013916
    }
   }
  }
 },
 "b": {
  "ckpt": "experiments/representation_v1/artifacts/wm_d128.pth",
  "worlds": {
   "classic": {
    "warn": {
     "contrast": 0.12886665761470795,
     "saturation": 0.29398148148148145,
     "ece": 0.18819916703367748,
     "mean_p": 0.34887823462486267
    },
    "crit": {
     "contrast": 0.09237950295209885,
     "saturation": 0.5543981481481481,
     "ece": 0.06998520569501021,
     "mean_p": 0.1386200487613678
    }
   },
   "dense": {
    "warn": {
     "contrast": 0.14326071739196777,
     "saturation": 0.5662037037037037,
     "ece": 0.08660929664181462,
     "mean_p": 0.7175175547599792
    },
    "crit": {
     "contrast": 0.18397492170333862,
     "saturation": 0.518287037037037,
     "ece": 0.035638711985638755,
     "mean_p": 0.4077025353908539
    }
   },
   "moving": {
    "warn": {
     "contrast": 0.12908276915550232,
     "saturation": 0.20092592592592592,
     "ece": 0.15085337567579313,
     "mean_p": 0.2623904049396515
    },
    "crit": {
     "contrast": 0.0726594477891922,
     "saturation": 0.48217592592592595,
     "ece": 0.04313528850295787,
     "mean_p": 0.11721163243055344
    }
   }
  }
 }
}