{
 "n_rollouts": 48,
 "len": 120,
 "bin_edges": [
  0.5,
  2.5
 ],
 "k0a_auc": 0.7358167989417989,
 "k0b_gaps_by_bin": [
  0.13804599728147074,
  0.07729737786759244,
  -0.028910256349123475
 ],
 "k0b_monotone": false,
 "k0b_span": -0.16695625363059421,
 "temps": {
  "ring0_bin0": 0.7999999999999998,
  "ring0_bin1": 1.0499999999999998,
  "ring0_bin2": 1.5999999999999996,
  "ring1_bin0": 0.7499999999999999,
  "ring1_bin1": 1.4999999999999998,
  "ring1_bin2": 2.3499999999999996
 },
 "slices": {
  "classic": {
   "warn": {
    "ece_before": 0.15660321089959645,
    "ece_after": 0.14604148658580315,
    "auc_before": 0.9841208741927768,
    "auc_after": 0.9841414284860083
   },
   "crit": {
    "ece_before": 0.052511299248543974,
    "ece_after": 0.06924596330958342,
    "auc_before": 0.9777082493137497,
    "auc_after": 0.9826290866041344
   }
  },
  "dense": {
   "warn": {
    "ece_before": 0.026023227336280635,
    "ece_after": 0.027034577208658626,
    "auc_before": 0.9424700793461243,
    "auc_after": 0.9426160337552743
   },
   "crit": {
    "ece_before": 0.12838163857084378,
    "ece_after": 0.10439614010291157,
    "auc_before": 0.8802890984181407,
    "auc_after": 0.8764708174238292
   }
  },
  "moving": {
   "warn": {
    "ece_before": 0.16345397041991822,
    "ece_after": 0.13880833872477857,
    "auc_before": NaN,
    "auc_after": NaN
   },
   "crit": {
    "ece_before": 0.05642381970806989,
    "ece_after": 0.035650637520957464,
    "auc_before": NaN,
    "auc_after": NaN
   }
  }
 },
 "k0c_dense_warn_after": 0.027034577208658626,
 "k0c_worst_worsening": 0.016734664061039448,
 "k0c_worst_auc_drop": 0.0038182809943115847,
 "verdict": {
  "k0a": false,
  "k0b": false,
  "k0c": false
 }
}