{
 "n_rollouts": 48,
 "len": 120,
 "bin_edges": [
  0.5,
  2.5
 ],
 "k0a_auc": 0.7358167989417989,
 "k0b_gaps_by_bin": [
  0.19535610165158793,
  0.146391678137673,
  -0.017348385774172304
 ],
 "k0b_monotone": false,
 "k0b_span": -0.21270448742576023,
 "temps": {
  "ring0_bin0": 1.7999999999999996,
  "ring0_bin1": 2.5999999999999996,
  "ring0_bin2": 1.5999999999999996,
  "ring1_bin0": 1.0999999999999999,
  "ring1_bin1": 2.4499999999999993,
  "ring1_bin2": 2.2499999999999996
 },
 "slices": {
  "classic": {
   "warn": {
    "ece_before": 0.21684637918940858,
    "ece_after": 0.26496162760946124,
    "auc_before": 0.9733074473810093,
    "auc_after": 0.9687929771585746
   },
   "crit": {
    "ece_before": 0.11254392448146987,
    "ece_after": 0.16356699905949626,
    "auc_before": 0.9661785941951683,
    "auc_after": 0.9700814393693001
   }
  },
  "dense": {
   "warn": {
    "ece_before": 0.14179016013013016,
    "ece_after": 0.09992763118108332,
    "auc_before": 0.8939123742801792,
    "auc_after": 0.8886129023697689
   },
   "crit": {
    "ece_before": 0.20096279595167788,
    "ece_after": 0.16698436807155986,
    "auc_before": 0.881003402685784,
    "auc_after": 0.8658731395620666
   }
  },
  "moving": {
   "warn": {
    "ece_before": 0.19451498789278582,
    "ece_after": 0.25489346870530455,
    "auc_before": NaN,
    "auc_after": NaN
   },
   "crit": {
    "ece_before": 0.08715897017326046,
    "ece_after": 0.09742808439099822,
    "auc_before": NaN,
    "auc_after": NaN
   }
  }
 },
 "k0c_dense_warn_after": 0.09992763118108332,
 "k0c_worst_worsening": 0.06037848081251873,
 "k0c_worst_auc_drop": 0.015130263123717458,
 "verdict": {
  "k0a": false,
  "k0b": false,
  "k0c": false
 }
}