{
 "a": {
  "ckpt": "output/world_model_unified.pth",
  "worlds": {
   "classic": {
    "warn": {
     "contrast": 0.17279331386089325,
     "saturation": 0.3164351851851852,
     "ece": 0.1814985335445441,
     "mean_p": 0.365117609500885
    },
    "crit": {
     "contrast": 0.13775667548179626,
     "saturation": 0.5284722222222222,
     "ece": 0.08060092583825146,
     "mean_p": 0.1649668961763382
    }
   },
   "dense": {
    "warn": {
     "contrast": 0.17512202262878418,
     "saturation": 0.6210648148148148,
     "ece": 0.06871483397347396,
     "mean_p": 0.7278140187263489
    },
    "crit": {
     "contrast": 0.2478342056274414,
     "saturation": 0.48356481481481484,
     "ece": 0.05392734360371752,
     "mean_p": 0.40831655263900757
    }
   },
   "moving": {
    "warn": {
     "contrast": 0.17556214332580566,
     "saturation": 0.21898148148148147,
     "ece": 0.1709748407681269,
     "mean_p": 0.2971148192882538
    },
    "crit": {
     "contrast": 0.11380579322576523,
     "saturation": 0.4497685185185185,
     "ece": 0.06234999613655293,
     "mean_p": 0.14926302433013916
    }
   }
  }
 },
 "b": {
  "ckpt": "experiments/representation_v1/artifacts/wm_s8.pth",
  "worlds": {
   "classic": {
    "warn": {
     "contrast": 0.16526059806346893,
     "saturation": 0.4083333333333333,
     "ece": 0.21596529512636126,
     "mean_p": 0.3893721401691437
    },
    "crit": {
     "contrast": 0.13242748379707336,
     "saturation": 0.5284722222222222,
     "ece": 0.12951396762546488,
     "mean_p": 0.20469123125076294
    }
   },
   "dense": {
    "warn": {
     "contrast": 0.1520954817533493,
     "saturation": 0.7122685185185185,
     "ece": 0.15121592613761836,
     "mean_p": 0.7970077395439148
    },
    "crit": {
     "contrast": 0.21291707456111908,
     "saturation": 0.5909722222222222,
     "ece": 0.10065890526385786,
     "mean_p": 0.5243505239486694
    }
   },
   "moving": {
    "warn": {
     "contrast": 0.19332073628902435,
     "saturation": 0.2657407407407407,
     "ece": 0.1756050252853282,
     "mean_p": 0.29830899834632874
    },
    "crit": {
     "contrast": 0.11581863462924957,
     "saturation": 0.4699074074074074,
     "ece": 0.0778335308469998,
     "mean_p": 0.16158317029476166
    }
   }
  }
 }
}