{
 "a": {
  "ckpt": "output/world_model.pth",
  "worlds": {
   "classic": {
    "warn": {
     "contrast": 0.14169476926326752,
     "saturation": 0.5053240740740741,
     "ece": 0.15629490540862176,
     "mean_p": 0.31144198775291443
    },
    "crit": {
     "contrast": 0.09045126289129257,
     "saturation": 0.6199074074074075,
     "ece": 0.07211949141058047,
     "mean_p": 0.1399010866880417
    }
   },
   "dense": {
    "warn": {
     "contrast": 0.14821550250053406,
     "saturation": 0.6046296296296296,
     "ece": 0.07019598830870596,
     "mean_p": 0.6794993877410889
    },
    "crit": {
     "contrast": 0.16861632466316223,
     "saturation": 0.5050925925925925,
     "ece": 0.08409661698230818,
     "mean_p": 0.4188791811466217
    }
   },
   "moving": {
    "warn": {
     "contrast": 0.18821559846401215,
     "saturation": 0.40347222222222223,
     "ece": 0.13445654543188137,
     "mean_p": 0.24393251538276672
    },
    "crit": {
     "contrast": 0.10995027422904968,
     "saturation": 0.562962962962963,
     "ece": 0.054110445308164216,
     "mean_p": 0.12762971222400665
    }
   }
  }
 },
 "b": {
  "ckpt": "output/world_model_unified.pth",
  "worlds": {
   "classic": {
    "warn": {
     "contrast": 0.17279331386089325,
     "saturation": 0.3164351851851852,
     "ece": 0.1814985335445441,
     "mean_p": 0.365117609500885
    },
    "crit": {
     "contrast": 0.13775667548179626,
     "saturation": 0.5284722222222222,
     "ece": 0.08060092583825146,
     "mean_p": 0.1649668961763382
    }
   },
   "dense": {
    "warn": {
     "contrast": 0.17512202262878418,
     "saturation": 0.6210648148148148,
     "ece": 0.06871483397347396,
     "mean_p": 0.7278140187263489
    },
    "crit": {
     "contrast": 0.2478342056274414,
     "saturation": 0.48356481481481484,
     "ece": 0.05392734360371752,
     "mean_p": 0.40831655263900757
    }
   },
   "moving": {
    "warn": {
     "contrast": 0.17556214332580566,
     "saturation": 0.21898148148148147,
     "ece": 0.1709748407681269,
     "mean_p": 0.2971148192882538
    },
    "crit": {
     "contrast": 0.11380579322576523,
     "saturation": 0.4497685185185185,
     "ece": 0.06234999613655293,
     "mean_p": 0.14926302433013916
    }
   }
  }
 }
}