{
 "a": {
  "ckpt": "output/world_model.pth",
  "worlds": {
   "classic": {
    "warn": {
     "contrast": 0.14169476926326752,
     "saturation": 0.5053240740740741,
     "ece": 0.15629490540862176,
     "mean_p": 0.31144198775291443
    },
    "crit": {
     "contrast": 0.09045126289129257,
     "saturation": 0.6199074074074075,
     "ece": 0.07211949141058047,
     "mean_p": 0.1399010866880417
    }
   },
   "dense": {
    "warn": {
     "contrast": 0.14821550250053406,
     "saturation": 0.6046296296296296,
     "ece": 0.07019598830870596,
     "mean_p": 0.6794993877410889
    },
    "crit": {
     "contrast": 0.16861632466316223,
     "saturation": 0.5050925925925925,
     "ece": 0.08409661698230818,
     "mean_p": 0.4188791811466217
    }
   },
   "moving": {
    "warn": {
     "contrast": 0.18821559846401215,
     "saturation": 0.40347222222222223,
     "ece": 0.13445654543188137,
     "mean_p": 0.24393251538276672
    },
    "crit": {
     "contrast": 0.10995027422904968,
     "saturation": 0.562962962962963,
     "ece": 0.054110445308164216,
     "mean_p": 0.12762971222400665
    }
   }
  }
 },
 "b": {
  "ckpt": "experiments/specialist_v1/artifacts/wm_dense.pth",
  "worlds": {
   "classic": {
    "warn": {
     "contrast": 0.12486959993839264,
     "saturation": 0.4287037037037037,
     "ece": 0.616404710473713,
     "mean_p": 0.8010318875312805
    },
    "crit": {
     "contrast": 0.12233530730009079,
     "saturation": 0.18472222222222223,
     "ece": 0.5293010135320017,
     "mean_p": 0.6248964071273804
    }
   },
   "dense": {
    "warn": {
     "contrast": 0.15571390092372894,
     "saturation": 0.6671296296296296,
     "ece": 0.11845924279960524,
     "mean_p": 0.7998242378234863
    },
    "crit": {
     "contrast": 0.20776250958442688,
     "saturation": 0.4675925925925926,
     "ece": 0.08329215572578004,
     "mean_p": 0.5243219137191772
    }
   },
   "moving": {
    "warn": {
     "contrast": 0.1434439718723297,
     "saturation": 0.2761574074074074,
     "ece": 0.7085884644398193,
     "mean_p": 0.7802456617355347
    },
    "crit": {
     "contrast": 0.09453500062227249,
     "saturation": 0.05324074074074074,
     "ece": 0.5686362537868607,
     "mean_p": 0.6647740006446838
    }
   }
  }
 }
}