{
 "zip": "experiments/opening_door/artifacts/ppo_opening_door_K3.zip",
 "cells": {
  "sweep@1.6": {
   "n": 60,
   "seed0": 5000,
   "crash": 0.016666666666666666,
   "reached": 0.9833333333333333,
   "success": 0.9666666666666667,
   "clearance_mean": 0.5976219739223496,
   "custom": {}
  }
 }
}