{
 "zip": "experiments/opening_door/artifacts/ppo_opening_door_K3.zip",
 "cells": {
  "sweep@1.6": {
   "n": 60,
   "seed0": 4000,
   "crash": 0.13333333333333333,
   "reached": 0.9833333333333333,
   "success": 0.8666666666666667,
   "clearance_mean": 0.5152508554319681,
   "custom": {}
  }
 }
}