{
 "zip": "experiments/opening_door/artifacts/ppo_opening_door_K3.zip",
 "cells": {
  "sweep@1.6": {
   "n": 60,
   "seed0": 6000,
   "crash": 0.03333333333333333,
   "reached": 0.9833333333333333,
   "success": 0.9666666666666667,
   "clearance_mean": 0.5936005421380113,
   "custom": {}
  }
 }
}