{
 "zip": "experiments/opening_door/artifacts/ppo_opening_door_K3.zip",
 "cells": {
  "sweep@1.6": {
   "n": 60,
   "seed0": 12000,
   "crash": 0.05,
   "reached": 0.9333333333333333,
   "success": 0.9166666666666666,
   "clearance_mean": 0.5575998848871173,
   "custom": {}
  }
 }
}