{
 "zip": "experiments/dodge_crown/artifacts_local/ppo_dodge_crown_FT.zip",
 "cells": {
  "dodge@v0.6": {
   "n": 60,
   "seed0": 23000,
   "crash": 0.16666666666666666,
   "reached": 0.9166666666666666,
   "success": 0.0,
   "clearance_mean": 0.3410141183228063,
   "custom": {
    "survived": 0.06666666666666667,
    "in_box": 0.0,
    "disp_x": 2.9776494168708485,
    "y_max": 0.9261080812462478
   }
  },
  "dodge@v1.0": {
   "n": 60,
   "seed0": 23000,
   "crash": 0.21666666666666667,
   "reached": 1.0,
   "success": 0.0,
   "clearance_mean": 0.3024894629143619,
   "custom": {
    "survived": 0.0,
    "in_box": 0.0,
    "disp_x": 3.0089870760799813,
    "y_max": 0.37289843710577597
   }
  },
  "dodge@v1.4": {
   "n": 60,
   "seed0": 23000,
   "crash": 0.5333333333333333,
   "reached": 1.0,
   "success": 0.0,
   "clearance_mean": 0.22034473853155292,
   "custom": {
    "survived": 0.0,
    "in_box": 0.0,
    "disp_x": 3.0098464711145643,
    "y_max": 0.2546671840600506
   }
  },
  "dodge@v1.8": {
   "n": 60,
   "seed0": 23000,
   "crash": 0.55,
   "reached": 1.0,
   "success": 0.0,
   "clearance_mean": 0.20403871952265026,
   "custom": {
    "survived": 0.0,
    "in_box": 0.0,
    "disp_x": 3.007607596277543,
    "y_max": 0.16749796032812073
   }
  },
  "guard:gap@1.0": {
   "n": 60,
   "seed0": 9000,
   "crash": 0.16666666666666666,
   "reached": 0.9833333333333333,
   "success": 0.8333333333333334,
   "clearance_mean": 0.37201231612197316,
   "custom": {}
  },
  "guard:mgap@1.0": {
   "n": 60,
   "seed0": 9500,
   "crash": 0.45,
   "reached": 0.9666666666666667,
   "success": 0.55,
   "clearance_mean": 0.22855978486359146,
   "custom": {}
  },
  "guard:cluttered": {
   "n": 60,
   "seed0": 1000,
   "crash": 0.13333333333333333,
   "reached": 1.0,
   "success": 0.8666666666666667,
   "clearance_mean": 0.44942836818913645,
   "custom": {}
  },
  "guard:sweep@2.0": {
   "n": 60,
   "seed0": 3000,
   "crash": 0.08333333333333333,
   "reached": 0.9833333333333333,
   "success": 0.9,
   "clearance_mean": 0.5958580257279447,
   "custom": {}
  }
 }
}