{
 "zip": "experiments/dodge_crown/artifacts_local/ppo_dodge_K3_BC.zip",
 "cells": {
  "dodge@v0.6": {
   "n": 30,
   "seed0": 23000,
   "crash": 0.5666666666666667,
   "reached": 0.0,
   "success": 0.43333333333333335,
   "clearance_mean": 0.19930124493646045,
   "custom": {
    "survived": 0.43333333333333335,
    "in_box": 1.0,
    "disp_x": 0.799589545057888,
    "y_max": 0.7241413034780452
   }
  },
  "dodge@v1.0": {
   "n": 30,
   "seed0": 23000,
   "crash": 0.13333333333333333,
   "reached": 0.03333333333333333,
   "success": 0.3333333333333333,
   "clearance_mean": 0.32772655417172836,
   "custom": {
    "survived": 0.8333333333333334,
    "in_box": 0.4666666666666667,
    "disp_x": 1.5169349356105426,
    "y_max": 1.1369455770018042
   }
  },
  "dodge@v1.4": {
   "n": 30,
   "seed0": 23000,
   "crash": 0.26666666666666666,
   "reached": 0.0,
   "success": 0.4666666666666667,
   "clearance_mean": 0.297119530344199,
   "custom": {
    "survived": 0.7333333333333333,
    "in_box": 0.6666666666666666,
    "disp_x": 1.3518393255488876,
    "y_max": 1.0221391747509478
   }
  },
  "dodge@v1.8": {
   "n": 30,
   "seed0": 23000,
   "crash": 0.3333333333333333,
   "reached": 0.0,
   "success": 0.5333333333333333,
   "clearance_mean": 0.2582855488709337,
   "custom": {
    "survived": 0.6666666666666666,
    "in_box": 0.8,
    "disp_x": 1.3008412256147381,
    "y_max": 0.8310741074426019
   }
  }
 }
}