{
 "zip": "experiments/dodge_crown/artifacts_local/ppo_dodge_K3_pin.zip",
 "cells": {
  "dodge@v0.6": {
   "n": 60,
   "seed0": 23000,
   "crash": 0.3,
   "reached": 0.08333333333333333,
   "success": 0.5833333333333334,
   "clearance_mean": 0.3101646662784157,
   "custom": {
    "survived": 0.6166666666666667,
    "in_box": 0.8333333333333334,
    "disp_x": 1.1671485212643404,
    "y_max": 0.7951316415254562
   }
  },
  "dodge@v1.0": {
   "n": 60,
   "seed0": 23000,
   "crash": 0.21666666666666667,
   "reached": 0.5333333333333333,
   "success": 0.18333333333333332,
   "clearance_mean": 0.3027435201804548,
   "custom": {
    "survived": 0.36666666666666664,
    "in_box": 0.2833333333333333,
    "disp_x": 2.3217720664910484,
    "y_max": 1.0711547938959465
   }
  },
  "dodge@v1.4": {
   "n": 60,
   "seed0": 23000,
   "crash": 0.36666666666666664,
   "reached": 0.15,
   "success": 0.4,
   "clearance_mean": 0.27448124177468874,
   "custom": {
    "survived": 0.6166666666666667,
    "in_box": 0.5833333333333334,
    "disp_x": 1.8437716051075614,
    "y_max": 0.9820565893106551
   }
  },
  "dodge@v1.8": {
   "n": 60,
   "seed0": 23000,
   "crash": 0.38333333333333336,
   "reached": 0.06666666666666667,
   "success": 0.48333333333333334,
   "clearance_mean": 0.24295988250445813,
   "custom": {
    "survived": 0.6,
    "in_box": 0.7666666666666667,
    "disp_x": 1.4142082959196882,
    "y_max": 0.8549551748130431
   }
  },
  "guard:gap@1.0": {
   "n": 60,
   "seed0": 9000,
   "crash": 0.15,
   "reached": 1.0,
   "success": 0.85,
   "clearance_mean": 0.35270980983940853,
   "custom": {}
  },
  "guard:mgap@1.0": {
   "n": 60,
   "seed0": 9500,
   "crash": 0.4,
   "reached": 0.9833333333333333,
   "success": 0.6,
   "clearance_mean": 0.2613949552033589,
   "custom": {}
  },
  "guard:cluttered": {
   "n": 60,
   "seed0": 1000,
   "crash": 0.21666666666666667,
   "reached": 0.9666666666666667,
   "success": 0.75,
   "clearance_mean": 0.36141598333823705,
   "custom": {}
  },
  "guard:sweep@2.0": {
   "n": 60,
   "seed0": 3000,
   "crash": 0.08333333333333333,
   "reached": 0.9833333333333333,
   "success": 0.9166666666666666,
   "clearance_mean": 0.5984758372725613,
   "custom": {}
  }
 }
}