{
 "zip": "experiments/dodge_crown/artifacts_local/ppo_dodge_K4_dagger.zip",
 "cells": {
  "dodge@v0.6": {
   "n": 60,
   "seed0": 23000,
   "crash": 0.08333333333333333,
   "reached": 0.06666666666666667,
   "success": 0.35,
   "clearance_mean": 0.45986241391309657,
   "custom": {
    "survived": 0.85,
    "in_box": 0.43333333333333335,
    "disp_x": 1.3593159729039057,
    "y_max": 1.1467419258832345
   }
  },
  "dodge@v1.0": {
   "n": 60,
   "seed0": 23000,
   "crash": 0.08333333333333333,
   "reached": 0.06666666666666667,
   "success": 0.3333333333333333,
   "clearance_mean": 0.38745418180268143,
   "custom": {
    "survived": 0.85,
    "in_box": 0.38333333333333336,
    "disp_x": 1.6437460052509745,
    "y_max": 1.2394132767220472
   }
  },
  "dodge@v1.4": {
   "n": 60,
   "seed0": 23000,
   "crash": 0.13333333333333333,
   "reached": 0.016666666666666666,
   "success": 0.5333333333333333,
   "clearance_mean": 0.34775816741235754,
   "custom": {
    "survived": 0.8666666666666667,
    "in_box": 0.5833333333333334,
    "disp_x": 1.5701305142378963,
    "y_max": 0.9995704175040827
   }
  },
  "dodge@v1.8": {
   "n": 60,
   "seed0": 23000,
   "crash": 0.2833333333333333,
   "reached": 0.0,
   "success": 0.5666666666666667,
   "clearance_mean": 0.2907428401933504,
   "custom": {
    "survived": 0.7166666666666667,
    "in_box": 0.7666666666666667,
    "disp_x": 1.4912121033565513,
    "y_max": 0.9017473908082423
   }
  },
  "guard:gap@1.0": {
   "n": 60,
   "seed0": 9000,
   "crash": 0.16666666666666666,
   "reached": 0.9833333333333333,
   "success": 0.8333333333333334,
   "clearance_mean": 0.371779052700666,
   "custom": {}
  },
  "guard:mgap@1.0": {
   "n": 60,
   "seed0": 9500,
   "crash": 0.26666666666666666,
   "reached": 1.0,
   "success": 0.7333333333333333,
   "clearance_mean": 0.28210251410009385,
   "custom": {}
  },
  "guard:cluttered": {
   "n": 60,
   "seed0": 1000,
   "crash": 0.08333333333333333,
   "reached": 0.7333333333333333,
   "success": 0.65,
   "clearance_mean": 0.46316537724487894,
   "custom": {}
  },
  "guard:sweep@2.0": {
   "n": 60,
   "seed0": 3000,
   "crash": 0.2833333333333333,
   "reached": 0.9833333333333333,
   "success": 0.7,
   "clearance_mean": 0.3262085481261168,
   "custom": {}
  }
 }
}