{
 "zip": "experiments/metric_grounding/artifacts/ppo_m2_ground.zip",
 "cells": {
  "moving@0.8": {
   "n": 60,
   "seed0": 8000,
   "crash": 0.23333333333333334,
   "reached": 1.0,
   "success": 0.7666666666666667,
   "clearance_mean": 0.5236810462761562,
   "custom": {}
  }
 }
}