{
 "n_rollouts": 48,
 "len": 120,
 "bin_edges": [
  0.5,
  2.5
 ],
 "k0a_auc": 0.7358167989417989,
 "k0b_gaps_by_bin": [
  0.12189424123326822,
  0.18605934409607755,
  -0.012112236939943788
 ],
 "k0b_monotone": false,
 "k0b_span": -0.134006478173212,
 "temps": {
  "ring0_bin0": 1.4999999999999998,
  "ring0_bin1": 2.0999999999999996,
  "ring0_bin2": 1.5999999999999996,
  "ring1_bin0": 0.9499999999999998,
  "ring1_bin1": 2.1499999999999995,
  "ring1_bin2": 2.7499999999999996
 },
 "slices": {
  "classic": {
   "warn": {
    "ece_before": 0.1946352141530398,
    "ece_after": 0.21988922067893094,
    "auc_before": 0.9792308209758431,
    "auc_after": 0.977883580483138
   },
   "crit": {
    "ece_before": 0.10545562573057021,
    "ece_after": 0.1378074290236182,
    "auc_before": 0.952060051777746,
    "auc_after": 0.9582200424109175
   }
  },
  "dense": {
   "warn": {
    "ece_before": 0.06816238588738036,
    "ece_after": 0.044056213210206766,
    "auc_before": 0.959100920839636,
    "auc_after": 0.9560385319640156
   },
   "crit": {
    "ece_before": 0.07301917217448413,
    "ece_after": 0.0413137441111439,
    "auc_before": 0.9343002415647159,
    "auc_after": 0.9322287591885504
   }
  },
  "moving": {
   "warn": {
    "ece_before": 0.1389798535039377,
    "ece_after": 0.17321858406917578,
    "auc_before": NaN,
    "auc_after": NaN
   },
   "crit": {
    "ece_before": 0.0474997376199,
    "ece_after": 0.04546056418271149,
    "auc_before": NaN,
    "auc_after": NaN
   }
  }
 },
 "k0c_dense_warn_after": 0.044056213210206766,
 "k0c_worst_worsening": 0.034238730565238074,
 "k0c_worst_auc_drop": 0.003062388875620492,
 "verdict": {
  "k0a": false,
  "k0b": false,
  "k0c": false
 }
}