{
 "a": {
  "ckpt": "output/world_model_unified.pth",
  "worlds": {
   "classic": {
    "warn": {
     "contrast": 0.17279331386089325,
     "saturation": 0.3164351851851852,
     "ece": 0.1814985335445441,
     "mean_p": 0.365117609500885
    },
    "crit": {
     "contrast": 0.13775667548179626,
     "saturation": 0.5284722222222222,
     "ece": 0.08060092583825146,
     "mean_p": 0.1649668961763382
    }
   },
   "dense": {
    "warn": {
     "contrast": 0.17512202262878418,
     "saturation": 0.6210648148148148,
     "ece": 0.06871483397347396,
     "mean_p": 0.7278140187263489
    },
    "crit": {
     "contrast": 0.2478342056274414,
     "saturation": 0.48356481481481484,
     "ece": 0.05392734360371752,
     "mean_p": 0.40831655263900757
    }
   },
   "moving": {
    "warn": {
     "contrast": 0.17556214332580566,
     "saturation": 0.21898148148148147,
     "ece": 0.1709748407681269,
     "mean_p": 0.2971148192882538
    },
    "crit": {
     "contrast": 0.11380579322576523,
     "saturation": 0.4497685185185185,
     "ece": 0.06234999613655293,
     "mean_p": 0.14926302433013916
    }
   }
  }
 },
 "b": {
  "ckpt": "experiments/representation_v2/artifacts/wm_3x.pth",
  "worlds": {
   "classic": {
    "warn": {
     "contrast": 0.1793309599161148,
     "saturation": 0.5050925925925925,
     "ece": 0.15895819668979963,
     "mean_p": 0.34335988759994507
    },
    "crit": {
     "contrast": 0.1257215440273285,
     "saturation": 0.6143518518518518,
     "ece": 0.08395561475060687,
     "mean_p": 0.1651783436536789
    }
   },
   "dense": {
    "warn": {
     "contrast": 0.17392949759960175,
     "saturation": 0.7155092592592592,
     "ece": 0.0736593770836469,
     "mean_p": 0.7452325820922852
    },
    "crit": {
     "contrast": 0.25263312458992004,
     "saturation": 0.55625,
     "ece": 0.03411811532896678,
     "mean_p": 0.4262428879737854
    }
   },
   "moving": {
    "warn": {
     "contrast": 0.19559112191200256,
     "saturation": 0.4215277777777778,
     "ece": 0.1348145177179115,
     "mean_p": 0.2632841467857361
    },
    "crit": {
     "contrast": 0.10405006259679794,
     "saturation": 0.5585648148148148,
     "ece": 0.0390569854404754,
     "mean_p": 0.12511838972568512
    }
   }
  }
 }
}