{
 "zip": "experiments/horizon/artifacts/ppo_h48.zip",
 "cells": {
  "slalom3@1.0": {
   "n": 30,
   "seed0": 22000,
   "crash": 0.7,
   "reached": 0.8666666666666667,
   "success": 0.03333333333333333,
   "clearance_mean": 0.14854047965734204,
   "custom": {
    "weaved": 0.03333333333333333,
    "weave_frac": 0.6222222222222221,
    "chain_break_at": 1.4666666666666666
   }
  },
  "diag:slalom2@1.0": {
   "n": 30,
   "seed0": 22000,
   "crash": 0.5,
   "reached": 0.9333333333333333,
   "success": 0.1,
   "clearance_mean": 0.24316954019251336,
   "custom": {
    "weaved": 0.1,
    "weave_frac": 0.5666666666666667,
    "chain_break_at": 1.1333333333333333
   }
  },
  "diag:slalom3@1.25": {
   "n": 30,
   "seed0": 22000,
   "crash": 0.8,
   "reached": 1.0,
   "success": 0.03333333333333333,
   "clearance_mean": 0.15198403490500975,
   "custom": {
    "weaved": 0.03333333333333333,
    "weave_frac": 0.6222222222222221,
    "chain_break_at": 1.1666666666666667
   }
  },
  "guard:gap@1.0": {
   "n": 30,
   "seed0": 9000,
   "crash": 0.0,
   "reached": 1.0,
   "success": 1.0,
   "clearance_mean": 0.3986761048020439,
   "custom": {
    "transited": 1.0,
    "gap_margin": 0.22952993058718302
   }
  },
  "guard:mgap@1.0": {
   "n": 30,
   "seed0": 9500,
   "crash": 0.36666666666666664,
   "reached": 1.0,
   "success": 0.5666666666666667,
   "clearance_mean": 0.23691851553305604,
   "custom": {
    "transited": 0.8,
    "gap_margin": 0.08465945451119389
   }
  },
  "guard:cluttered": {
   "n": 60,
   "seed0": 1000,
   "crash": 0.0,
   "reached": 1.0,
   "success": 1.0,
   "clearance_mean": 0.4464603637373841,
   "custom": {}
  },
  "guard:sweep@2.0": {
   "n": 60,
   "seed0": 3000,
   "crash": 0.16666666666666666,
   "reached": 1.0,
   "success": 0.8333333333333334,
   "clearance_mean": 0.3687876856990064,
   "custom": {}
  }
 }
}