{
 "n": 30,
 "seed0": 9950,
 "crash": 0.6333333333333333,
 "reached": 1.0,
 "success": 0.36666666666666664,
 "clearance_mean": 0.16954280052630785,
 "custom": {
  "threaded": 0.36666666666666664,
  "pinched": 0.6333333333333333,
  "froze": 0.0,
  "door_margin": 0.08910441562108425,
  "wait_time": 0.40191630513137355
 }
}