{
 "zip": "experiments/ft_bakeoff/artifacts_local/ppo_ewc.zip",
 "cells": {
  "slalom3@1.0": {
   "n": 30,
   "seed0": 22000,
   "crash": 0.4666666666666667,
   "reached": 1.0,
   "success": 0.5333333333333333,
   "clearance_mean": 0.20418239162492105,
   "custom": {
    "weaved": 0.5333333333333333,
    "weave_frac": 0.8111111111111112,
    "chain_break_at": 2.4
   }
  },
  "guard:gap@1.0": {
   "n": 30,
   "seed0": 9000,
   "crash": 0.16666666666666666,
   "reached": 1.0,
   "success": 0.8333333333333334,
   "clearance_mean": 0.3461084144957491,
   "custom": {
    "transited": 0.9333333333333333,
    "gap_margin": 0.21815136963125786
   }
  },
  "guard:mgap@1.0": {
   "n": 30,
   "seed0": 9500,
   "crash": 0.43333333333333335,
   "reached": 1.0,
   "success": 0.5666666666666667,
   "clearance_mean": 0.24898470538899017,
   "custom": {
    "transited": 0.6666666666666666,
    "gap_margin": 0.1382077685967912
   }
  }
 }
}