{
 "ratios": {
  "y": 1.4656428149639134,
  "vy": 1.1727640628698723
 },
 "walk": "GRAY",
 "table": {
  "y": {
   "early_mean_abs": 0.10544188362352788,
   "deep_mean_abs": 0.15454013912908476,
   "by_pos": {
    "1": {
     "mean_abs": 0.09006443166717283,
     "p90_abs": 0.2753260710650798
    },
    "2": {
     "mean_abs": 0.12081933557988293,
     "p90_abs": 0.2736813425352959
    },
    "3": {
     "mean_abs": 0.14301998536492833,
     "p90_abs": 0.274570418470868
    },
    "4": {
     "mean_abs": 0.1586353069059791,
     "p90_abs": 0.27370754737668757
    },
    "5": {
     "mean_abs": 0.15040360602111066,
     "p90_abs": 0.26539061418211485
    }
   }
  },
  "vy": {
   "early_mean_abs": 0.03569540903644446,
   "deep_mean_abs": 0.04186229292738256,
   "by_pos": {
    "1": {
     "mean_abs": 0.03022061491632551,
     "p90_abs": 0.07263469090845517
    },
    "2": {
     "mean_abs": 0.04117020315656341,
     "p90_abs": 0.07508518556417615
    },
    "3": {
     "mean_abs": 0.0350949647274973,
     "p90_abs": 0.05058052055732376
    },
    "4": {
     "mean_abs": 0.04366420778722144,
     "p90_abs": 0.06870180753750736
    },
    "5": {
     "mean_abs": 0.04004217690734329,
     "p90_abs": 0.05935021839391039
    }
   }
  }
 },
 "death_link": {
  "median_abs_y": 0.11811755094858309,
  "fail_wide": 0.12,
  "fail_narrow": 0.060240963855421686,
  "ratio": 1.992,
  "linked": false
 },
 "instrument": {
  "outcome_match": 1.0,
  "n_entries": 599
 }
}