{
 "n_rollouts": 48,
 "len": 120,
 "bin_edges": [
  0.0,
  1.0
 ],
 "k0a_auc": 0.7358167989417989,
 "k0b_gaps_by_bin": [
  NaN,
  0.12056902136365458,
  0.06747446345405345
 ],
 "k0b_monotone": false,
 "k0b_span": NaN,
 "temps": {
  "ring0_bin0": 1.0,
  "ring0_bin1": 1.0999999999999999,
  "ring0_bin2": 1.2499999999999998,
  "ring1_bin0": 1.0,
  "ring1_bin1": 0.8499999999999999,
  "ring1_bin2": 1.9999999999999996
 },
 "slices": {
  "classic": {
   "warn": {
    "ece_before": 0.13897346149237663,
    "ece_after": 0.1503361587522431,
    "auc_before": 0.9966533873475245,
    "auc_after": 0.9963301243721597
   },
   "crit": {
    "ece_before": 0.06850966272482599,
    "ece_after": 0.09779739653613745,
    "auc_before": 0.9939993755447721,
    "auc_after": 0.9911177748578714
   }
  },
  "dense": {
   "warn": {
    "ece_before": 0.04135552338591317,
    "ece_after": 0.03610218979635856,
    "auc_before": 0.9676140434678766,
    "auc_after": 0.9679616803333069
   },
   "crit": {
    "ece_before": 0.13009943912612845,
    "ece_after": 0.12268336774118321,
    "auc_before": 0.9193420608327489,
    "auc_after": 0.8956239123094105
   }
  },
  "moving": {
   "warn": {
    "ece_before": 0.16294472616034728,
    "ece_after": 0.17094051704647198,
    "auc_before": NaN,
    "auc_after": NaN
   },
   "crit": {
    "ece_before": 0.06977983005876545,
    "ece_after": 0.0593676918020541,
    "auc_before": NaN,
    "auc_after": NaN
   }
  }
 },
 "k0c_dense_warn_after": 0.03610218979635856,
 "k0c_worst_worsening": 0.02928773381131146,
 "k0c_worst_auc_drop": 0.023718148523338423,
 "verdict": {
  "k0a": false,
  "k0b": false,
  "k0c": false
 }
}