{
 "a": {
  "ckpt": "output/world_model_g1.pth",
  "worlds": {
   "classic": {
    "warn": {
     "contrast": 0.14169476926326752,
     "saturation": 0.5053240740740741,
     "ece": 0.15629490540862176,
     "mean_p": 0.31144198775291443
    },
    "crit": {
     "contrast": 0.09045126289129257,
     "saturation": 0.6199074074074075,
     "ece": 0.07211949141058047,
     "mean_p": 0.1399010866880417
    }
   },
   "dense": {
    "warn": {
     "contrast": 0.14821550250053406,
     "saturation": 0.6046296296296296,
     "ece": 0.07019598830870596,
     "mean_p": 0.6794993877410889
    },
    "crit": {
     "contrast": 0.16861632466316223,
     "saturation": 0.5050925925925925,
     "ece": 0.08409661698230818,
     "mean_p": 0.4188791811466217
    }
   },
   "moving": {
    "warn": {
     "contrast": 0.18821559846401215,
     "saturation": 0.40347222222222223,
     "ece": 0.13445654543188137,
     "mean_p": 0.24393251538276672
    },
    "crit": {
     "contrast": 0.10995027422904968,
     "saturation": 0.562962962962963,
     "ece": 0.054110445308164216,
     "mean_p": 0.12762971222400665
    }
   }
  }
 },
 "b": {
  "ckpt": "experiments/metric_grounding/artifacts/wm_m1_ground.pth",
  "worlds": {
   "classic": {
    "warn": {
     "contrast": 0.1624438464641571,
     "saturation": 0.29791666666666666,
     "ece": 0.167105351546393,
     "mean_p": 0.32829850912094116
    },
    "crit": {
     "contrast": 0.09552253037691116,
     "saturation": 0.5268518518518519,
     "ece": 0.07841820739289766,
     "mean_p": 0.14800302684307098
    }
   },
   "dense": {
    "warn": {
     "contrast": 0.14460021257400513,
     "saturation": 0.5400462962962963,
     "ece": 0.1224767275701476,
     "mean_p": 0.7415041923522949
    },
    "crit": {
     "contrast": 0.17852145433425903,
     "saturation": 0.42314814814814816,
     "ece": 0.06764669728486696,
     "mean_p": 0.44777894020080566
    }
   },
   "moving": {
    "warn": {
     "contrast": 0.19854556024074554,
     "saturation": 0.2569444444444444,
     "ece": 0.2011717610446658,
     "mean_p": 0.3171234130859375
    },
    "crit": {
     "contrast": 0.11817608028650284,
     "saturation": 0.42407407407407405,
     "ece": 0.08640244289946865,
     "mean_p": 0.16599196195602417
    }
   }
  }
 }
}