{
 "a": {
  "ckpt": "output/world_model_g1.pth",
  "worlds": {
   "classic": {
    "warn": {
     "contrast": 0.14169476926326752,
     "saturation": 0.5053240740740741,
     "ece": 0.15629490540862176,
     "mean_p": 0.31144198775291443
    },
    "crit": {
     "contrast": 0.09045126289129257,
     "saturation": 0.6199074074074075,
     "ece": 0.07211949141058047,
     "mean_p": 0.1399010866880417
    }
   },
   "dense": {
    "warn": {
     "contrast": 0.14821550250053406,
     "saturation": 0.6046296296296296,
     "ece": 0.07019598830870596,
     "mean_p": 0.6794993877410889
    },
    "crit": {
     "contrast": 0.16861632466316223,
     "saturation": 0.5050925925925925,
     "ece": 0.08409661698230818,
     "mean_p": 0.4188791811466217
    }
   },
   "moving": {
    "warn": {
     "contrast": 0.18821559846401215,
     "saturation": 0.40347222222222223,
     "ece": 0.13445654543188137,
     "mean_p": 0.24393251538276672
    },
    "crit": {
     "contrast": 0.10995027422904968,
     "saturation": 0.562962962962963,
     "ece": 0.054110445308164216,
     "mean_p": 0.12762971222400665
    }
   }
  }
 },
 "b": {
  "ckpt": "experiments/grounding_mechanism/artifacts/wm_n1_l01.pth",
  "worlds": {
   "classic": {
    "warn": {
     "contrast": 0.150806725025177,
     "saturation": 0.46064814814814814,
     "ece": 0.1405674188573789,
     "mean_p": 0.2821294069290161
    },
    "crit": {
     "contrast": 0.09876804053783417,
     "saturation": 0.6027777777777777,
     "ece": 0.07983687662858568,
     "mean_p": 0.13851982355117798
    }
   },
   "dense": {
    "warn": {
     "contrast": 0.17780573666095734,
     "saturation": 0.48356481481481484,
     "ece": 0.12091220355494903,
     "mean_p": 0.6896011829376221
    },
    "crit": {
     "contrast": 0.17791084945201874,
     "saturation": 0.4537037037037037,
     "ece": 0.059598284189154895,
     "mean_p": 0.41893476247787476
    }
   },
   "moving": {
    "warn": {
     "contrast": 0.1481723189353943,
     "saturation": 0.40370370370370373,
     "ece": 0.11164834311300095,
     "mean_p": 0.18988743424415588
    },
    "crit": {
     "contrast": 0.08067344129085541,
     "saturation": 0.5597222222222222,
     "ece": 0.0482110389899612,
     "mean_p": 0.10847723484039307
    }
   }
  }
 }
}